Type,Indicator,Description,Info
SHA256,ad5002c8a4621efbd354d58a71427c157e4b2805cb86f434d724fc77068f1c40,Trojan.Exmatter,Fin7
SHA256,8c5b108eab6a397bed4c099f13eed52aeeec37cc214423bde07544b44a62e74a,Fidye.Noberus,Fin7
SHA256,78517fb07ee5292da627c234b26b555413a459f8d7a9641e4a9fcc1099f06a3d,InfoStealer.Eamfo,Fin7
SHA256,9aa1f37517458d635eae4f9b43cb4770880ea0ee171e7e4ad155bbdee0cbe732,InfoStealer.Eamfo,Fin7
SHA256,df492b4cc7f644ad3e795155926d1fc8ece7327c0c5c8ea45561f24f5110ce54,InfoStealer.Eamfo,Fin7
SHA256,029dde7c2ec880fb3d3e95e6a8376739b4bc46a0ce24012e064b904e6ecb672c,Fidye.Noberus,Fin7
SHA256,72f0981f18b969db2781e874d249d8003c07f99786e217f84cf54a148de259cc,Fidye.Noberus,Fin7
SHA256,18c909a2b8c5e16821d6ef908f56881aa0ecceeaccb5fa1e54995935fcfd12f7,GMER,Fin7
SHA256,e8a3e804a96c716a3e9b69195db6ffb0d33e2433af871e4d4e1eab3097237173,GMER,Fin7
SHA256,ed6275195cf9fd758fb7f8bce868c14dc9e9d6b7aa6f472f714bce5ed7fabf7f,Mask.PAExec,Fin7
SHA256,5799d554307906e92749a0c45f21baff28d83b1cedccbf7cb6f2b98ac1b00930,Mask.PAExec,Fin7
FileName,sync_enc.exe,Filename,Fin7
FileName,uncertified.exe,Filename,Fin7
FileName,vup.exe,Filename,Fin7
FileName,morph.exe,Filename,Fin7
FileName,cabinet.exe,Filename,Fin7
FileName,isgmer.exe,Filename,Fin7
FileName,kgeyauow.sys,Filename,Fin7
SHA1,05e9e0005fd38a0f168757637c1719d6303bfbac,FIN7 Powertrash,Fin7
SHA1,343f15cd30791d8d9809ac471bcd39eee0ae09e2,FIN7 Powertrash,Fin7
SHA1,671e195ad9c38bbb4985b8643f4de091c47cdde7,FIN7 Powertrash,Fin7
SHA1,83082e3843b132e0374f242da42138b35d964759,FIN7 Powertrash,Fin7
SHA1,86533fff7813bc140c89bd2ed09b8484afe7e4ac,FIN7 Powertrash,Fin7
SHA1,8f564864ac8d2b698367da377a32b6ecd2272631,FIN7 Powertrash,Fin7
SHA1,cb0da51272207aa98f44d51e79c17033f406cd6a,FIN7 Powertrash,Fin7
SHA1,fdc5636503862b3cdaa93a48332a4b7c782e2bdf,FIN7 Powertrash,Fin7
SHA1,0b4974c0d0802f6b8befae8d89abba4593756dfa,FIN7 Core Impact implant PIC,FIN7
SHA1,1693ec86bb6de6e0fe64f57484e1ce97bf373081,FIN7 Core Impact loader PIC,FIN7
SHA1,278b1ee17b057051179bb6302b099cdef3240c84,FIN7 Core Impact implant PIC,FIN7
SHA1,52e261a7cab837489dfcb8cd49aaf82ee287968c,FIN7 Core Impact loader PIC,FIN7
SHA1,7796f28213916157245b248566fa2a1d4811e66e,FIN7 Core Impact loader PIC,FIN7
SHA1,8857ba79fdefb97ac443a1f3d74b372d19db36a8,FIN7 Core Impact implant PIC,FIN7
SHA1,adb6c5607a28f6d60756116c7de91299a1137c83,FIN7 Core Impact loader PIC,FIN7
SHA1,F073749b1358017bf0a28f65693765ef6fd0157d,FIN7 Core Impact implant PIC,FIN7
SHA1,0aeab70affcab0f1e96c62c25dd41dc32d41e2ea,FIN7 Diceloader,FIN7
SHA1,19f71c7b000f43d6bcbe11234a0e586742b311d1,FIN7 Diceloader,FIN7
SHA1,9a6ca844409c6ba2db25a068de40ccad9c952f3a,FIN7 Diceloader,FIN7
SHA1,0e8fe5b9ff59102b42805342897dff1a8f1ae003,FIN7 SSH-based backdoor,FIN7
SHA1,425222ce8b1c6d6d4eacccb7da64ce6d6a6291ca,FIN7 SSH-based backdoor component,FIN7
SHA1,84f1fd6d0a9ff98c23287c02887811899af4adb7,FIN7 SSH-based backdoor,FIN7
SHA1,043f17d7a0f80ed8383ee251b8071c8c46a625eb,Powertrash,FIN7
SHA1,1300b157a1ee8f5ecde665a1aa1524facfed31c4,Powertrash,FIN7
SHA1,1345492b027142c803990ea77aea08dd57b6f304,Powertrash,FIN7
SHA1,19ca1aff37c058971c0880516e00654d1e3d27a1,Powertrash,FIN7
SHA1,307033dbf90d21522ee6b031856b3faee249ced9,Powertrash,FIN7
SHA1,32f3e4f9dfeebc4cf078db7b885151d8936504a6,Powertrash,FIN7
SHA1,3c3773421709113acf9918cb2dbdd08dd46497c7,Powertrash,FIN7
SHA1,3ea2921a3619eaf9a95eb023a22215005924e8bb,Powertrash,FIN7
SHA1,3ee8b071c9b844ab643db1a5ca048b482d1adbd3,Powertrash,FIN7
SHA1,3f5797defcb57d7dde6eb1d2acf05947b4444260,Powertrash,FIN7
SHA1,4625c52e734a51efd431b5ac78c3912eca4cd996,Powertrash,FIN7
SHA1,5a6c1f0942ceb25e5d3a5f5e777c812c52bf48fc,Powertrash,FIN7
SHA1,6984f06e6485e33f84c0f58fa253509f9a2d46fe,Powertrash,FIN7
SHA1,7908811e3c071a5b828ee48083fef2eee146f4b9,Powertrash,FIN7
SHA1,8687b6b1508a93556d6e30d14e5c4ee9971f2d80,Powertrash,FIN7
SHA1,88cd32ace737d6dfeb4ffdc299db5a444d113e10,Powertrash,FIN7
SHA1,8ba2faee8cacf4ca2ae5b83a2c1c78919dc902b8,Powertrash,FIN7
SHA1,8ba9ffa31a1403d436df062d5cebee1d20f9b49a,Powertrash,FIN7
SHA1,8bf65dbb08bb5c44f869bcc78d4314ccbc1e8d32,Powertrash,FIN7
SHA1,91226772402917f7fbfa203e39c9c5af3494b00b,Powertrash,FIN7
SHA1,95eab0e745e260daaf7022b0c64d25589ead7348,Powertrash,FIN7
SHA1,9707e4e4a17039b9401b90bb6f14fa67b7c53415,Powertrash,FIN7
SHA1,9abaa7b590c4fb902834ab16df5fb733eab50721,Powertrash,FIN7
SHA1,9d28dec1c9882d72f9a74e3fc4e7bc1804d28a2d,Powertrash,FIN7
SHA1,a3be8b29d46db190d51b2e8a67d127175164227c,Powertrash,FIN7
SHA1,b21914a068965cb7e715848dedf9399c038da5c2,Powertrash,FIN7
SHA1,c7dcbfe93a4de0012a261cfc4abdfddb7770ca98,Powertrash,FIN7
SHA1,c833e24b5f698103121bd67f05f81f1d633cbbb0,Powertrash,FIN7
SHA1,c9a705395fab442261c174021caa9348ebff6b19,Powertrash,FIN7
SHA1,cd1a40c5d624826429b6f403324abc221167704c,Powertrash,FIN7
SHA1,dbcdbdf927e351d371606e861cee41bbd2be1d33,Powertrash,FIN7
SHA1,e292ba2cd4fe3afa2d21c4ced23e15df13395bd1,Powertrash,FIN7
SHA1,e4074c75993960298838b44855665553709d89dd,Powertrash,FIN7
SHA1,fe9f23bbeb9737b066675a55aa5b66171c804c37,Powertrash,FIN7
SHA1,3ce8f2ac69e43f556cedd34b8c792e032eb4ee19,Core Impact loader PIC,Core Impact
SHA1,58fad3ef8a4f44e973d1609bfd7caf756de98424,Core Impact implant PIC,Core Impact
SHA1,8a3ee88e7b64aade814745d76906461a063883ff,Core Impact implant PIC,Core Impact
SHA1,b5a53f2762b7d7c09ecebe1e0838828d7f42f2bd,Core Impact loader PIC,Core Impact
SHA1,16c8dde4565958589cd81af33c9f09817216eda0,Diceloader,FIN7
SHA1,23924e8ebd19be1f05ffed774ec5481503cf4cd5,Diceloader,FIN7
SHA1,297e1f284a758847df8596b04a1c7f17241e9072,Diceloader,FIN7
SHA1,311eaa735f4ae0b34e5943f150db0e796173846c,Diceloader,FIN7
SHA1,3f07408a0beb184b30fb6affdf2c57ccc6f99e4d,Diceloader,FIN7
SHA1,47cf95118d0ec3a50aeb09677f378cac508052a4,Diceloader,FIN7
SHA1,617627f0dd70011773dd16c6a15a2de2942d34dd,Diceloader,FIN7
SHA1,6772e23cfbf42a4aef63bdf7c8844fe61208b628,Diceloader,FIN7
SHA1,67ca301c74d2c9e294eedf790f40a9d358dee0f3,Diceloader,FIN7
SHA1,6dfac9c62f35a527a86904b49fe97a0eb9c912be,Diceloader,FIN7
SHA1,6fa8b56e1f6067007503e5df351e2e75386ac072,Diceloader,FIN7
SHA1,79d9724d37bfda0bd8cd26ecf50ed07c9d18dd64,Diceloader,FIN7
SHA1,7f66fda7b3616ff31739e174b6f177d9eee77584,Diceloader,FIN7
SHA1,c5c1ec58b09ca672d491892469bee92d1e061065,Diceloader,FIN7
SHA1,df753441c24c5aef920f9f772f81c43c88e595ee,Diceloader,FIN7
SHA1,e4954f51c545ba7af4e8c670380cfe03b25490e7,Diceloader,FIN7
SHA1,45e8cebbd795d02e082fca25515bbf181f851a3c,Carbanak,Carbanak
SHA1,4e32f3df7d27c991c0e361670879a266298747a6,Carbanak,Carbanak
SHA1,acc1c19abf7a649b871a0ec4776271b66b8893fb,Carbanak,Carbanak
SHA1,ad6bc38913f98c3f4b57d5415ef6e4d3ee35234a,Carbanak,Carbanak
SHA1,dc4f836a7e5658a649a7eeb30107a4ac7fac9e31,Carbanak,Carbanak
SHA1,24786e5000670ac8b51a7292d3d384f39c466880,Minodo Backdoor,Minodo
SHA1,cc37284c6a387b474d2c714496abcbe415ed74eb,Cobaltstrike beacon,Cobaltstrike
SHA1,936447d6a1f69f2b4aaba158504c7b5a09ab6385,Mimikatz Powerkatz dll,Mimikatz
SHA1,15186e9d03600c667bbe4b34c5e1348bfc0a8168,AvNeutralizer packed version,AvNeutralizer
SHA1,cc17f8dd1ed74955a9c4d8b5a766ef6a2fa6807d,AvNeutralizer packed version,AvNeutralizer
SHA1,07d0c0c315f99c4f1785645ddd4c3fe665c0448c,AvNeutralizer,AvNeutralizer
SHA1,187546da3f90d17329dd999ea481c3ebe3f99845,AvNeutralizer,AvNeutralizer
SHA1,1c8c903ff1b704236cd061c0b9edcf0a25e5e371,AvNeutralizer,AvNeutralizer
SHA1,2fc8b38d3f40d8151ec717c8a8813cf06df90c10,AvNeutralizer,AvNeutralizer
SHA1,323e033566d06a2b5e2873fbc2f846d2c768f2e9,AvNeutralizer,AvNeutralizer
SHA1,39d01edefd751a59e17319e81362bca911e80fba,AvNeutralizer,AvNeutralizer
SHA1,6b406be948fff3a6510345048343abd570fc7fb9,AvNeutralizer,AvNeutralizer
SHA1,8a03580d29fe1dcc3de9fffaf8960bc339ecd994,AvNeutralizer,AvNeutralizer
SHA1,a672c2c05e72b1d9d61e5977ec5e436bfac9c9b7,AvNeutralizer,AvNeutralizer
SHA1,c73cd7c4475a03cbd88942a37ef437487d99e21c,AvNeutralizer,AvNeutralizer
SHA1,f7b0369169dff3f10e974b9a10ec15f7a81dec54,AvNeutralizer,AvNeutralizer
SHA1,f9aad333dc17763dfcf33ec13e560a6b89c5d335,AvNeutralizer,AvNeutralizer
SHA1,ff11360f6ad22ba2629489ac286b6fdf4190846e,AvNeutralizer,AvNeutralizer
IP Address,193[.]178[.]210[.]227,FIN7 staging server IP,FIN7
IP Address,45[.]87[.]154[.]208,FIN7 staging server IP,FIN7
IP Address,37[.]157[.]254[.]8,FIN7 Core Impact C2 IP,FIN7
IP Address,213[.]109[.]192[.]198,FIN7 Core Impact C2 IP,FIN7
IP Address,213[.]109[.]192[.]116,FIN7 Core Impact C2 IP,FIN7
IP Address,104[.]193[.]255[.]99,FIN7 Core Impact C2 IP,FIN7
IP Address,194[.]180[.]174[.]86,FIN7 Core Impact/Diceloader C2 IP,FIN7
IP Address,91[.]199[.]147[.]152,FIN7 Diceloader C2 IP,FIN7
IP Address,193[.]109[.]120[.]69,FIN7 Diceloader C2 IP,FIN7
IP Address,194[.]180[.]191[.]85,FIN7 Diceloader C2 IP,FIN7
IP Address,185[.]117[.]88[.]245,FIN7 SSH-based backdoor C2 IP,FIN7
IP Address,80[.]71[.]157[.]173,FIN7 SSH-based backdoor C2 IP,FIN7
IP Address,15[.]235[.]156[.]105,FIN7 SSH-based backdoor C2 IP,FIN7
IP Address,185[.]117[.]119[.]108,FIN7 SSH-based backdoor C2 IP,FIN7
IP Address,185[.]234[.]247[.]62,FIN7 SSH-based backdoor C2 IP,FIN7
IP Address,194[.]104[.]136[.]113,FIN7 SSH-based backdoor C2 IP,FIN7
IP Address,185[.]232[.]170[.]83,FIN7 SSH-based backdoor C2 IP,FIN7
IP Address,91[.]149[.]243[.]129,Core Impact C2 IP,FIN7
IP Address,194[.]87[.]82[.]7,Diceloader C2 IP,FIN7
IP Address,195[.]123[.]246[.]20,Diceloader C2 IP,FIN7
IP Address,217[.]12[.]206[.]176,Diceloader C2 IP,FIN7
IP Address,45[.]136[.]199[.]128,Diceloader C2 IP,FIN7
IP Address,45[.]66[.]249[.]75,Diceloader C2 IP,FIN7
IP Address,94[.]158[.]244[.]107,Diceloader C2 IP,FIN7
IP Address,5[.]252[.]177[.]7,Diceloader C2 IP,FIN7
IP Address,94[.]158[.]244[.]23,Diceloader C2 IP,FIN7
IP Address,193[.]42[.]36[.]231,Diceloader C2 IP,FIN7
IP Address,94[.]140[.]114[.]173,Diceloader C2 IP,FIN7
IP Address,185[.]232[.]170[.]205,Diceloader C2 IP,FIN7
IP Address,185[.]250[.]151[.]60,Diceloader C2 IP,FIN7
IP Address,207[.]246[.]92[.]213,Diceloader C2 IP,FIN7
IP Address,162[.]248[.]225[.]148,Diceloader C2 IP,FIN7
IP Address,185[.]172[.]129[.]70,Diceloader C2 IP,FIN7
IP Address,46[.]17[.]107[.]7,Diceloader C2 IP,FIN7
IP Address,185[.]250[.]151[.]33,Diceloader C2 IP,FIN7
IP Address,46[.]17[.]107[.]32,Diceloader C2 IP,FIN7
IP Address,185[.]250[.]151[.]141,Diceloader C2 IP,FIN7
IP Address,91[.]193[.]19[.]163,Diceloader C2 IP,FIN7
IP Address,208[.]88[.]226[.]158,Diceloader C2 IP,FIN7
IP Address,108[.]170[.]20[.]89,Diceloader C2 IP,FIN7
IP Address,195[.]123[.]240[.]46,Diceloader C2 IP,FIN7
IP Address,185[.]16[.]40[.]108,Diceloader C2 IP,FIN7
IP Address,95[.]123[.]243[.]169,Diceloader C2 IP,FIN7
IP Address,184[.]95[.]51[.]185,Diceloader C2 IP,FIN7
IP Address,198[.]15[.]119[.]69,Diceloader C2 IP,FIN7
IP Address,37[.]1[.]210[.]119,Diceloader C2 IP,FIN7
IP Address,185[.]33[.]87[.]24,Diceloader C2 IP,FIN7
IP Address,192[.]248[.]188[.]166,Diceloader C2 IP,FIN7
IP Address,185[.]244[.]151[.]114,Diceloader C2 IP,FIN7
IP Address,194[.]87[.]191[.]198,Diceloader C2 IP,FIN7
IP Address,85[.]239[.]54[.]214,Diceloader C2 IP,FIN7
IP Address,185[.]161[.]210[.]11,Diceloader C2 IP,FIN7
IP Address,95[.]216[.]251[.]213,Diceloader C2 IP,FIN7
IP Address,95[.]217[.]102[.]49,Diceloader C2 IP,FIN7
IP Address,62[.]233[.]57[.]163,Diceloader C2 IP,FIN7
IP Address,193[.]233[.]22[.]68,Diceloader C2 IP,FIN7
IP Address,146[.]59[.]217[.]154,Diceloader C2 IP,FIN7
IP Address,193[.]233[.]23[.]158,Diceloader C2 IP,FIN7
IP Address,91[.]199[.]147[.]60,Diceloader C2 IP,FIN7
IP Address,62[.]233[.]57[.]31,Diceloader C2 IP,FIN7
IP Address,95[.]217[.]82[.]121,Diceloader C2 IP,FIN7
IP Address,45[.]82[.]13[.]64,Diceloader C2 IP,FIN7
IP Address,91[.]149[.]253[.]184,Diceloader C2 IP,FIN7
IP Address,193[.]233[.]23[.]59,Diceloader C2 IP,FIN7
IP Address,65[.]108[.]20[.]101,Diceloader C2 IP,FIN7
IP Address,62[.]233[.]57[.]241,Diceloader C2 IP,FIN7
IP Address,65[.]108[.]20[.]165,Diceloader C2 IP,FIN7
IP Address,79[.]141[.]162[.]131,Diceloader C2 IP,FIN7
IP Address,62[.]233[.]57[.]19,Diceloader C2 IP,FIN7
IP Address,185[.]161[.]208[.]45,Diceloader C2 IP,FIN7
IP Address,176[.]97[.]75[.]244,Diceloader C2 IP,FIN7
IP Address,195[.]123[.]246[.]46,Diceloader C2 IP,FIN7
IP Address,91[.]149[.]221[.]195,Diceloader C2 IP,FIN7
IP Address,193[.]233[.]23[.]45,Diceloader C2 IP,FIN7
IP Address,194[.]87[.]82[.]7,Diceloader C2 IP,FIN7
IP Address,195[.]123[.]246[.]20,Diceloader C2 IP,FIN7
IP Address,195[.]123[.]218[.]99,Cobaltstrike C2 IP,Cobaltstrike
IP Address,5[.]161[.]41[.]51,Minodo Backdoor C2 IP,Minodo
URL,hxxp://193.178.210[.]227/work_53.bin_m7.ps1,FIN7 URL delivering Core Impact implant packed with Powertrash,FIN7
URL,hxxp://45.87.154[.]208/work_53m8.ps1,FIN7 URL delivering Core Impact implant packed with Powertrash,FIN7
URL,hxxp://45.87.154[.]208/icsnd3b_64refl.ps1,FIN7 URL delivering Diceloader packed with Powertrash,FIN7
File MD5,ab29b9e225a05bd17e919e1d0587289e,DNS BEACON,FIN7
File MD5,1c3b19163a3b15b39ae00bbe131b499a,DARKSIDE,DARKSIDE
File MD5,230a681ebbcdba7ae2175f159394d044,DARKSIDE,DARKSIDE
File MD5,bf41fc54f96d0106d34f1c48827006e4,DARKSIDE,DARKSIDE
File MD5,c4da0137cbb99626fd44da707ae1bca8,DARKSIDE,DARKSIDE
File MD5,28e9581ab34297b6e5f817f93281ffac,FIN7 BEACON,FIN7
File MD5,38786bc9de1f447d0187607eaae63f11,FIN7 BEACON,FIN7
File MD5,6fba605c2a02fc62e6ff1fb8e932a935,FIN7 BEAKDROP,FIN7
File MD5,ab29b9e225a05bd17e919e1d0587289e,DNS BEACON,FIN7
File MD5,1c3b19163a3b15b39ae00bbe131b499a,DARKSIDE,DARKSIDE
File MD5,230a681ebbcdba7ae2175f159394d044,DARKSIDE,DARKSIDE
File MD5,bf41fc54f96d0106d34f1c48827006e4,DARKSIDE,DARKSIDE
File MD5,c4da0137cbb99626fd44da707ae1bca8,DARKSIDE,DARKSIDE
File MD5,28e9581ab34297b6e5f817f93281ffac,FIN7 BEACON,FIN7
File MD5,38786bc9de1f447d0187607eaae63f11,FIN7 BEACON,FIN7
File MD5,6fba605c2a02fc62e6ff1fb8e932a935,FIN7 BEAKDROP,FIN7
Indicator,0c6b41d25214f04abf9770a7bdfcee5d,BOATLAUNCH 32bit,BOATLAUNCH
Indicator,21f153810b82852074f0f0f19c0b3208,BOATLAUNCH 64bit,BOATLAUNCH
Indicator,02699f95f8568f52a00c6d0551be2de5,POWERPLANT,POWERPLANT
Indicator,0291df4f7303775225c4044c8f054360,POWERPLANT,POWERPLANT
Indicator,0fde02d159c4cd5bf721410ea9e72ee2,POWERPLANT,POWERPLANT
Indicator,2cbb015d4c579e464d157faa16994f86,POWERPLANT,POWERPLANT
Indicator,3803c82c1b2e28e3e6cca3ca73e6cce7,POWERPLANT,POWERPLANT
Indicator,5a6bbcc1e44d3a612222df5238f5e7a8,POWERPLANT,POWERPLANT
Indicator,833ae560a2347d5daf05d1f670a40c54,POWERPLANT,POWERPLANT
Indicator,b637d33dbb951e7ad7fa198cbc9f78bc,POWERPLANT,POWERPLANT
Indicator,bce9b919fa97e2429d14f255acfb18b4,POWERPLANT,POWERPLANT
Indicator,d1d8902b499b5938404f8cece2918d3d,POWERPLANT,POWERPLANT
Indicator,edb1f62230123abf88231fc1a7190b60,POWERPLANT,POWERPLANT
URL,findoutcredit[.]com,POWERPLANT C2,POWERPLANT
URL,againcome[.]com,POWERPLANT C2,POWERPLANT
URL,modestoobgyn[.]com,POWERPLANT C2,POWERPLANT
URL,myshortbio[.]com,POWERPLANT C2,POWERPLANT
URL,estetictrance[.]com,POWERPLANT C2,POWERPLANT
URL,internethabit[.]com,POWERPLANT C2,POWERPLANT
URL,bestsecure2020[.]com,POWERPLANT C2,POWERPLANT
URL,chyprediction[.]com,POWERPLANT C2,POWERPLANT
Indicator,d405909fd2fd021372444b7b36a3b806,POWERTRASH Cryptor & CARBANAK Payload,POWERTRASH
Indicator,122cb55f1352b9a1aeafc83a85bfb165,CROWVIEW (BIRDWATCH/JssLoader Variant),CROWVIEW
URL,domenuscdm[.]com,CROWVIEW/LOADOUT C2,CROWVIEW
Indicator,936b142d1045802c810e86553b332d2d,LOADOUT,LOADOUT
Indicator,23e1725769e99341bc9af48a0df64151,LOADOUT,LOADOUT
Indicator,4d56a1ca28d9427c440ec41b4969caa2,LOADOUT,LOADOUT
Indicator,50260f97ac2365cf0071e7c798b9edda,LOADOUT,LOADOUT
URL,spontaneousance[.]com,LOADOUT C2,LOADOUT
URL,fashionableeder[.]com,LOADOUT C2,LOADOUT
URL,incongruousance[.]com,LOADOUT C2,LOADOUT
URL,electroncador[.]com,LOADOUT C2,LOADOUT
Indicator,6fba605c2a02fc62e6ff1fb8e932a935,BEAKDROP,BEAKDROP
Indicator,49ac220edf6d48680f763465c4c2771e,BEACON,BEACON
URL,astara20[.]com,BEACON C2,BEACON
URL,coincidencious[.]com,BEACON C2,BEACON
Indicator,52f5fcaf4260cb70e8d8c6076dcd0157,Trojanized installer containing Atera Agent,Trojanized
Indicator,78c828b515e676cc0d021e229318aeb6,WINGNIGHT,WINGNIGHT
Indicator,70bf088f2815a61ad2b1cc9d6e119a7f,WINGNIGHT,WINGNIGHT
Indicator,4961aec62fac8beeafffa5bfc841fab8,FLYHIGH,FLYHIGH
URL,0212top[.]online,FIN7,FakeBat C2
URL,0212top[.]site,FIN7,FakeBat C2
URL,0212top[.]top,FIN7,FakeBat C2
URL,0212top[.]xyz,FIN7,FakeBat C2
URL,0909kses[.]top,FIN7,FakeBat C2
URL,11234jkhfkujhs[.]online,FIN7,FakeBat C2
URL,11234jkhfkujhs[.]site,FIN7,FakeBat C2
URL,11234jkhfkujhs[.]top,FIN7,FakeBat C2
URL,11234jkhfkujhs[.]xyz,FIN7,FakeBat C2
URL,1212stars[.]online,FIN7,FakeBat C2
URL,1212stars[.]site,FIN7,FakeBat C2
URL,1212stars[.]top,FIN7,FakeBat C2
URL,1212stars[.]xyz,FIN7,FakeBat C2
URL,2311foreign[.]xyz,FIN7,FakeBat C2
URL,2311forget[.]online,FIN7,FakeBat C2
URL,2311forget[.]site,FIN7,FakeBat C2
URL,2311forget[.]xyz,FIN7,FakeBat C2
URL,2610asdkj[.]online,FIN7,FakeBat C2
URL,2610asdkj[.]site,FIN7,FakeBat C2
URL,2610asdkj[.]top,FIN7,FakeBat C2
URL,2610asdkj[.]xyz,FIN7,FakeBat C2
URL,2610kjhsda[.]online,FIN7,FakeBat C2
URL,2610kjhsda[.]site,FIN7,FakeBat C2
URL,2610kjhsda[.]top,FIN7,FakeBat C2
URL,2610kjhsda[.]xyz,FIN7,FakeBat C2
URL,3010cars[.]online,FIN7,FakeBat C2
URL,3010cars[.]site,FIN7,FakeBat C2
URL,3010cars[.]top,FIN7,FakeBat C2
URL,3010cars[.]xyz,FIN7,FakeBat C2
URL,3010offers[.]online,FIN7,FakeBat C2
URL,3010offers[.]site,FIN7,FakeBat C2
URL,3010offers[.]top,FIN7,FakeBat C2
URL,3010offers[.]xyz,FIN7,FakeBat C2
URL,343-ads-info[.]top,FIN7,FakeBat C2
URL,364klhjsfsl[.]top,FIN7,FakeBat C2
URL,465jsdlkd[.]top,FIN7,FakeBat C2
URL,756-ads-info[.]site,FIN7,FakeBat C2
URL,756-ads-info[.]top,FIN7,FakeBat C2
URL,756-ads-info[.]xyz,FIN7,FakeBat C2
URL,875jhrfks[.]top,FIN7,FakeBat C2
URL,98762341tdgi[.]online,FIN7,FakeBat C2
URL,98762341tdgi[.]site,FIN7,FakeBat C2
URL,98762341tdgi[.]top,FIN7,FakeBat C2
URL,98762341tdgi[.]xyz,FIN7,FakeBat C2
URL,999-ads-info[.]top,FIN7,FakeBat C2
URL,ads-info[.]ru,FIN7,FakeBat C2
URL,ads-info[.]site,FIN7,FakeBat C2
URL,aipanelnew[.]ru,FIN7,FakeBat C2
URL,aipanelnew[.]site,FIN7,FakeBat C2
URL,cdn-ads[.]ru,FIN7,FakeBat C2
URL,cdn-ads[.]site,FIN7,FakeBat C2
URL,cdn-dwnld[.]ru,FIN7,FakeBat C2
URL,cdn-dwnld[.]site,FIN7,FakeBat C2
URL,cdn-new-dwnl[.]ru,FIN7,FakeBat C2
URL,clk-brom[.]ru,FIN7,FakeBat C2
URL,clk-brom[.]site,FIN7,FakeBat C2
URL,clk-brood[.]online,FIN7,FakeBat C2
URL,clk-brood[.]top,FIN7,FakeBat C2
URL,clk-info[.]ru,FIN7,FakeBat C2
URL,clk-info[.]site,FIN7,FakeBat C2
URL,cornbascet[.]ru,FIN7,FakeBat C2
URL,cornbascet[.]site,FIN7,FakeBat C2
URL,dns-inform[.]top,FIN7,FakeBat C2
URL,fresh-prok[.]ru,FIN7,FakeBat C2
URL,fresh-prok[.]site,FIN7,FakeBat C2
URL,ganalytics-api[.]com,FIN7,FakeBat C2
URL,gotrustfear[.]ru,FIN7,FakeBat C2
URL,gotrustfear[.]site,FIN7,FakeBat C2
URL,infocdn-111[.]online,FIN7,FakeBat C2
URL,infocdn-111[.]site,FIN7,FakeBat C2
URL,infocdn-111[.]xyz,FIN7,FakeBat C2
URL,new-prok[.]ru,FIN7,FakeBat C2
URL,new-prok[.]site,FIN7,FakeBat C2
URL,newtorpan[.]ru,FIN7,FakeBat C2
URL,newtorpan[.]site,FIN7,FakeBat C2
URL,prkl-ads[.]ru,FIN7,FakeBat C2
URL,prkl-ads[.]site,FIN7,FakeBat C2
URL,test-pn[.]ru,FIN7,FakeBat C2
URL,test-pn[.]site,FIN7,FakeBat C2
URL,topttr[.]com,FIN7,FakeBat C2
URL,trust-flare[.]ru,FIN7,FakeBat C2
URL,trust-flare[.]site,FIN7,FakeBat C2
URL,trustdwnl[.]ru,FIN7,FakeBat C2
URL,ads-analyze[.]online,FIN7,Malvertising Infrastructure
URL,ads-analyze[.]site,FIN7,Malvertising Infrastructure
URL,ads-analyze[.]top,FIN7,Malvertising Infrastructure
URL,ads-analyze[.]xyz,FIN7,Malvertising Infrastructure
URL,ads-change[.]online,FIN7,Malvertising Infrastructure
URL,ads-change[.]site,FIN7,Malvertising Infrastructure
URL,ads-change[.]top,FIN7,Malvertising Infrastructure
URL,ads-change[.]xyz,FIN7,Malvertising Infrastructure
URL,ads-creep[.]top,FIN7,Malvertising Infrastructure
URL,ads-creep[.]xyz,FIN7,Malvertising Infrastructure
URL,ads-eagle[.]top,FIN7,Malvertising Infrastructure
URL,ads-eagle[.]xyz,FIN7,Malvertising Infrastructure
URL,ads-forget[.]top,FIN7,Malvertising Infrastructure
URL,ads-hoop[.]top,FIN7,Malvertising Infrastructure
URL,ads-hoop[.]xyz,FIN7,Malvertising Infrastructure
URL,ads-moon[.]top,FIN7,Malvertising Infrastructure
URL,ads-moon[.]xyz,FIN7,Malvertising Infrastructure
URL,ads-pill[.]top,FIN7,Malvertising Infrastructure
URL,ads-pill[.]xyz,FIN7,Malvertising Infrastructure
URL,ads-star[.]online,FIN7,Malvertising Infrastructure
URL,ads-star[.]site,FIN7,Malvertising Infrastructure
URL,ads-star[.]top,FIN7,Malvertising Infrastructure
URL,ads-star[.]xyz,FIN7,Malvertising Infrastructure
URL,ads-strong[.]online,FIN7,Malvertising Infrastructure
URL,ads-strong[.]site,FIN7,Malvertising Infrastructure
URL,ads-strong[.]top,FIN7,Malvertising Infrastructure
URL,ads-strong[.]xyz,FIN7,Malvertising Infrastructure
URL,ads-tooth[.]top,FIN7,Malvertising Infrastructure
URL,ads-tooth[.]xyz,FIN7,Malvertising Infrastructure
URL,ads-work[.]site,FIN7,Malvertising Infrastructure
URL,ads-work[.]top,FIN7,Malvertising Infrastructure
URL,ads-work[.]xyz,FIN7,Malvertising Infrastructure
URL,cdn-inform[.]com,FIN7,Malvertising Infrastructure
URL,udr-offdips[.]com,FIN7,Malvertising Infrastructure
URL,urd-apdaps[.]com,FIN7,Malvertising Infrastructure
URL,usm-pontic[.]com,FIN7,Malvertising Infrastructure
URL,utd-corts[.]com,FIN7,Malvertising Infrastructure
URL,utd-forts[.]com,FIN7,Malvertising Infrastructure
URL,utd-gochisu[.]com,FIN7,Malvertising Infrastructure
URL,utd-horipsy[.]com,FIN7,Malvertising Infrastructure
URL,utm-adrooz[.]com,FIN7,Malvertising Infrastructure
URL,utm-adschuk[.]com,FIN7,Malvertising Infrastructure
URL,utm-adsgoogle[.]com,FIN7,Malvertising Infrastructure
URL,utm-adsname[.]com,FIN7,Malvertising Infrastructure
URL,utm-advrez[.]com,FIN7,Malvertising Infrastructure
URL,utm-drmka[.]com,FIN7,Malvertising Infrastructure
URL,utm-fukap[.]com,FIN7,Malvertising Infrastructure
URL,utm-msh[.]com,FIN7,Malvertising Infrastructure
URL,utr-gavlup[.]com,FIN7,Malvertising Infrastructure
URL,utr-jopass[.]com,FIN7,Malvertising Infrastructure
URL,utr-krubz[.]com,FIN7,Malvertising Infrastructure
URL,utr-provit[.]com,FIN7,Malvertising Infrastructure
URL,amydlesk[.]com,FIN7,Malvertising Infrastructure
URL,notilon[.]co,FIN7,Malvertising Infrastructure
URL,notliion[.]com,FIN7,Malvertising Infrastructure
URL,notlon[.]top,FIN7,Malvertising Infrastructure
URL,notlilon[.]co,FIN7,Malvertising Infrastructure
URL,notion.findreaders[.]com,FIN7,Malvertising Infrastructure
URL,findreaders[.]com,FIN7,Malvertising Infrastructure
URL,notion.ilusofficial[.]com,FIN7,Malvertising Infrastructure
URL,brow-ser-update[.]top,FIN7,Fake Web Browser Update
URL,hxxps://brow-ser-update[.]top/download/dwnl.php,FIN7,Fake Web Browser Update
URL,hxxps://brow-ser-update[.]top/GoogleChrome-x86.msix,FIN7,Fake Web Browser Update
URL,photoshop-adobe[.]shop,FIN7,Fake Software Distribution
URL,hxxps://photoshop-adobe[.]shop/download/dwnl.php,FIN7,Fake Software Distribution
File MD5,c336d98d8d4810666ee4693e8c3a2a34191bad864d6b46e468a7eed36e7085f4,GoogleChrome-x86.msix,Fake Web Browser Update
File MD5,b5ed2f42359e809bf171183a444457c378355d07b414f5828e1e4f7b35bb505f,boci.ps1,Fake Software Distribution
URL,app.getmess[.]io,FIN7,Social Engineering Scheme
URL,hxxps://app.getmess[.]io/,FIN7,Social Engineering Scheme
URL,hxxps://app.getmess[.]io/download/dwnl.php,FIN7,Social Engineering Scheme
URL,hxxps://getmess[.]download/Getmess.msix,FIN7,Social Engineering Scheme
URL,utd-corts[.]com,FIN7,Malvertising Infrastructure
URL,hxxp://utd-corts[.]com/buy/,FIN7,Malvertising Infrastructure
File MD5,12ea41f2dfa89ad86f082fdf80ca57f14cd8a8f27280aca4f18111758de96d15,Getmess.msix,Social Engineering Scheme
File MD5,72a1f6e7979daae38d8e0e14893db4c182b8362acc5d721141ed328ed02c7e28,ynwje.ps1,Social Engineering Scheme
File MD5,c336d98d8d4810666ee4693e8c3a2a34191bad864d6b46e468a7eed36e7085f4,FIN7,Fake Software Distribution
File MD5,7265ffdbe31dd96d6e6c8ead5a56817c905ff012418546e2233b7dce22372630,FIN7,Fake Software Distribution
File MD5,9aa39f017b50dcc2214ce472d3967721c676a7826030c2e34cb95c495dba4960,FIN7,Fake Software Distribution
File MD5,1bb51d62457f606e947a4e7ce86198e9956ae1fe4e51e4e945370cc25fe6bfff,FIN7,Fake Software Distribution
File MD5,400277618bd2591efb2eb22ac0041c1c5561d96c479a60924ef799de3e2d290c,FIN7,Fake Software Distribution
File MD5,f3ebb23bdcc7ac016d958c1a057152636bc2372b3a059bf49675882f64105068,FIN7,Fake Software Distribution
File MD5,12ea41f2dfa89ad86f082fdf80ca57f14cd8a8f27280aca4f18111758de96d15,FIN7,Fake Software Distribution
File MD5,3bd95eadb44349c7d88ea989501590fb3652ae27eded15ab5d12b17e2708969f,FIN7,Fake Software Distribution
File MD5,67663233f9e3763171afd3a44b769dc67a8a61d4a159f205003c5fdb150e2ca1,FIN7,Fake Software Distribution
File MD5,f0e0aea32962a8a4aecd0c4b0329dc7e901fa5b103f0b03563cf9705d751bbe1,FIN7,Fake Software Distribution
File MD5,8f88a86d57b93cd7f63dfdf3cb8cc398cdce358e683fb04e19b0d0ed73dd50ee,FIN7,Fake Software Distribution
File MD5,3d3a9cd140972b7b8a01dde2e4cd9707913f2eba09a3742c72016fd073004951,FIN7,Fake Software Distribution
File MD5,96bd6abb1c8ec2ede22b915a11b97c0cd44c1f5ed1cda8bee0acfee290f8f580,FIN7,Fake Software Distribution
File MD5,f1d72a27147c42a4f4baf3e10a6f03988c70546bb174a1025553a8319717ba95,FIN7,Fake Software Distribution
File MD5,806d08e6169569eb1649b2d1f770ad30a01ff55beedfe93aebccac2bc24533c0,FIN7,Fake Software Distribution
File MD5,763bdd0b5413bb2e0e3c4a68a7542586bbd638665b7ca250dbd9c7558216e427,FIN7,Fake Software Distribution
File MD5,9a2268162982113c12d163b1377dc4e72c93f91e26bd511d16c1b705262ca03c,FIN7,Fake Software Distribution
File MD5,e5b94c001fc3c1c1aa35c71a3d1e9909124339e0ade09f897b918fe0729c12e1,FIN7,Fake Software Distribution
File MD5,9e800a05e65efe923a35815157129652980f03cbcf95cf0d64676f6da73471de,FIN7,Fake Software Distribution
File MD5,f312e59be5ddbf857d92de506d55ae267800b0cbc2b82665ce63c889a7ae9414,FIN7,Fake Software Distribution
File MD5,7c7dc62ed7af2f90aeafdd5c3af5284c5539aeded7d642d39f5fd5f187d33c87,FIN7,Fake Software Distribution
File MD5,409a2a2a4e442017e6d647524fdec11507515a9f58a314e74307e67059bd8149,FIN7,Fake Software Distribution
File MD5,1d5d671bf680d739ded1e25e78970b38d00e8182816171a7c6a186504a79eeee,FIN7,Fake Software Distribution
File MD5,aa998fde06a6a6ab37593c054333e192ce4706a14d210d8fc6c0de3fd2d74ce2,FIN7,Fake Software Distribution
File MD5,767dd301dc5297828a35eaba81f84bd0f50d61fe1a9208b8d89b5eaba064d65e,FIN7,Fake Software Distribution
File MD5,7d0aaf734f73c1cf93e53703e648125bba43e023203be9a938f270dfe3492718,FIN7,Fake Software Distribution
File MD5,6e0179344ca0bbc42dce77027f5a6a049844daf34595fd184d9f094e8c74325c,FIN7,Fake Software Distribution
File MD5,49a7668d60e8df9d0a57ba9e0e736c1eb48700da19711cc0ec0f3c94a56ce507,FIN7,Fake Software Distribution
File MD5,2e8a82f07de254848615f81272f08e0cf9af474d1c20f67d9ddbdf439f1d8fde,FIN7,Fake Software Distribution
File MD5,f0f77c85c7da4391e34d106c4b5f671eb606ba695dc11401a6ee8ae53e337cbe,FIN7,Fake Software Distribution
File MD5,d1da457b0891b68df16ce86e2a48a799b9528c1631bccc379623551f873c0eed,FIN7,Fake Software Distribution
File MD5,175fcb7495c0814a5c18afa6244d467f0daeb0f02ad93c0ab4d3af8cbbacb537,FIN7,Fake Software Distribution
File MD5,7316ed0cb0fdbede33a0b6d05d0be1fe3c616ef7c1098dfcc9a2339c793e7020,FIN7,Fake Software Distribution
File MD5,90641a72a4ea6f1fca57ec5e5daec4319ec95bec53dd2bf0fa58d1f9ade42ad4,FIN7,Fake Software Distribution
File MD5,6fb502d83b7b5181abcb53784270239cc3e4143344e1f64101537aa3848c8c95,FIN7,Fake Software Distribution
File MD5,2b033fc28ad12cb57c7c691bd40911ca47dd2a8e495a2d253557d2c6bcd40c5e,FIN7,Fake Software Distribution
File SHA256,00ea5d43f2779a705856a824a3f8133cb100101e043cb670e49b163534b0c525,FIN7,Unknown
File SHA256,cea1c4f2229e7aa0167c07e22a3809f42ec931332da7cc28f7d14b9e702af66b,FIN7,Unknown
File SHA256,ae641dda420f2cf63ac29804f7009ba1c248c702679fbccef35e4d9319d77d2d,FIN7,Unknown
